{
    "id": "hostileIntercept",
    "name": "Hostile Intercept (and Autopause!)",
    "author": "SafariJohn",
    "utility": "true",
    "version": { "major":"1", "minor": "5", "patch": "0" },
    "description": "Highlights hostile fleets and fleets trying to intercept you. Also adds autopause when jumping or while a course is laid!",
    "gameVersion": "0.98a",
    "jars":["jars/HostileIntercept.jar"],
    "modPlugin":"hostileIntercept.ModPlugin",
    "dependencies": [
        {
            "id": "lw_lazylib",
            "name": "LazyLib"
        }
    ]
}