{
  "hostileIntercept": {
    "lazyLibReq":"Hostile Intercept requires LazyLib!",
    "autopauseEnabled": "Autopause enabled",
    "autopauseDisabled": "Autopause disabled",
    "interceptEnabled": "- only if interceptor detected",
    "autopauseAlarmEnabled": "- alarm enabled",
    "autopauseAlarmDisabled": "- alarm disabled",
    "inteceptAlarmEnabled": "Intercept alarm enabled",
    "interceptAlarmDisabled": "Intercept alarm disabled",
    "jumpPauseEnabled": "Jump pause enabled",
    "jumpPauseDisabled": "Jump pause disabled",
    "threatenedEnabled": "- only if threat",
    "jumpPauseAlarmEnabled": "- alarm enabled",
    "jumpPauseAlarmDisabled": "- alarm disabled",
    "potentialThreat": "Potential threat detected",
    "potentialThreats": "Potential threats detected"
  }
}