fieldID,fieldName,fieldType,defaultValue,secondaryValue,fieldDescription,minValue,maxValue,tab
hostileIntercept_settingsFleets,Fleets Header,Header,Fleets,,,,,
hostileIntercept_hostileRings,Hostility Rings,Boolean, true,,"Show rings around hostile fleets.",,,
hostileIntercept_interceptRings,Intercept Rings,Boolean,true,,"Show rings around fleets trying to intercept you.",,,
hostileIntercept_interceptAlarm,Intercept Alarm,Boolean,true,,"Sound an alarm when your fleet detects a fleet intercepting yours.",,,
hostileIntercept_ringCheat,Show On Contacts (Cheat),Boolean,false,,"Show hostile/intercept rings on sensor contacts.",,,
,,,,,,,,
,,,,,,,,
hostileIntercept_settingsAutopause,Autopause Header,Header,Autopause,,,,,
hostileIntercept_autopause,Autopause,Radio,"Intercept Or Hostile","Disabled, All Contacts, Intercept Or Hostile, Intercept Only","While on autopilot, pause when a sensor contact is detected or when a fleet begins intercepting your fleet.",,,
hostileIntercept_autopauseAlarm,Autopause Alarm,Boolean,true,,"Sound an alarm when autopause activates, or would activate if disabled.",,,
#hostileIntercept_autopauseToggleKey,Settings Keybind,Keycode,0,,"Toggles autopause",,,
hostileIntercept_autopauseSnoozedTime,Snooze Time,Float,10.0,,"Real-time seconds after unpausing before autopause can activate.",0.0,100.0,
hostileIntercept_autopauseCheat,Autopause On Contacts (Cheat),Boolean,false,,"Check if sensor contacts are hostile or intercepting.",,,
,,,,,,,,
,,,,,,,,
hostileIntercept_settingsJumpPause,Jump Pause Header,Header,Jump Pause,,,,,
hostileIntercept_jumpPointPause,Jump Pause,Radio,"Hostile Only","Disabled, Always, All Contacts, Intercept Or Hostile","Pause when jumping while on autopilot.",,,
hostileIntercept_jumpPointAlarm,Jump Threat Alarm,Boolean,true,,"Sound an alarm when jump pause activates.",,,
hostileIntercept_jumpPauseCheat,Jump Pause On Contacts (Cheat),Boolean,false,,"Check if sensor contacts are hostile or intercepting.",,,